{
  "dataset_source": "uci_real",
  "cnn": {
    "accuracy": 0.875,
    "precision": 0.875,
    "recall": 0.875,
    "f1": 0.875,
    "confusion_matrix": [
      [
        7,
        1
      ],
      [
        1,
        7
      ]
    ],
    "roc_auc": 0.96875
  },
  "baseline_logreg_kmer": {
    "accuracy": 0.8125,
    "precision": 0.7777777777777778,
    "recall": 0.875,
    "f1": 0.8235294117647058,
    "confusion_matrix": [
      [
        6,
        2
      ],
      [
        1,
        7
      ]
    ],
    "roc_auc": 0.828125
  }
}